url,final_url,status,title,description,h1,word_count,image_count,internal_link_count,external_link_count,error
https://cas.res.in/,https://cas.res.in/,200,Welcome to Centre for Advanced Studies | CAS AKTU,"The Technical University system has to be the main torch bearer of engineering education and research in the state. It is necessary to invest at the appropriate level for cultivating, on a sustainable basis, the ethos of engineering education and research. The Government of India has invested heavily in research establishments in the field of nuclear, defense, space as well as ocean, environment, biotechnology, as well as applied industrial areas.",,1500,28,107,14,
https://cas.res.in/index.html,https://cas.res.in/index.html,200,Welcome to Centre for Advanced Studies | CAS AKTU,"The Technical University system has to be the main torch bearer of engineering education and research in the state. It is necessary to invest at the appropriate level for cultivating, on a sustainable basis, the ethos of engineering education and research. The Government of India has invested heavily in research establishments in the field of nuclear, defense, space as well as ocean, environment, biotechnology, as well as applied industrial areas.",,1500,28,107,14,
https://cas.res.in/director.html,https://cas.res.in/director.html,200,Welcome to Centre for Advanced Studies | CAS AKTU,,,491,2,38,1,
https://cas.res.in/faculty.html,https://cas.res.in/faculty.html,200,Welcome to Centre for Advanced Studies | CAS AKTU,,Faculty Details,3647,14,44,22,
https://cas.res.in/visitingfaculty.html,https://cas.res.in/visitingfaculty.html,200,Welcome to Centre for Advanced Studies | CAS AKTU,,Visiting Faculty Details,1347,6,41,5,
https://cas.res.in/pastfaculty.html,https://cas.res.in/pastfaculty.html,200,Welcome to Centre for Advanced Studies | CAS AKTU,,Past Faculty Details,7471,33,51,52,
https://cas.res.in/staff.html,https://cas.res.in/staff.html,200,Welcome to Centre for Advanced Studies | CAS AKTU,,Administrative and Research Staff Details,1307,10,38,1,
https://cas.res.in/Mtechcse.html,https://cas.res.in/Mtechcse.html,200,Welcome to Centre for Advanced Studies | CAS AKTU,,M.Tech. Computer Science and Engineering,443,1,50,1,
https://cas.res.in/mtechnano.html,https://cas.res.in/mtechnano.html,200,Welcome to Centre for Advanced Studies | CAS AKTU,,M.Tech. Nanotechnology,534,1,46,1,
https://cas.res.in/mtechenergy.html,https://cas.res.in/mtechenergy.html,200,Welcome to Centre for Advanced Studies | CAS AKTU,,M.Tech. Energy Science and Technology,454,1,43,1,
https://cas.res.in/mtechmecha.html,https://cas.res.in/mtechmecha.html,200,Welcome to Centre for Advanced Studies | CAS AKTU,,M.Tech. Mechatronics,491,1,49,1,
https://cas.res.in/mtechmanufacturing.html,https://cas.res.in/mtechmanufacturing.html,200,Welcome to Centre for Advanced Studies | CAS AKTU,,M.Tech. Manufacturing Technology & Automation,478,1,48,1,
https://cas.res.in/Btech.html,https://cas.res.in/Btech.html,200,Welcome to Centre for Advanced Studies | CAS AKTU,,,185,1,49,1,
https://cas.res.in/csephd.html,https://cas.res.in/csephd.html,200,Welcome to Centre for Advanced Studies | CAS AKTU,,Ph.D.,755,1,60,1,
https://cas.res.in/cse1.html,https://cas.res.in/cse1.html,200,Welcome to Centre for Advanced Studies | CAS AKTU,,,2128,6,42,1,
https://cas.res.in/nano1.html,https://cas.res.in/nano1.html,200,Welcome to Centre for Advanced Studies | CAS AKTU,,Research Areas,2064,9,41,1,
https://cas.res.in/est1.html,https://cas.res.in/est1.html,200,Welcome to Centre for Advanced Studies | CAS AKTU,,Research Areas,1395,6,42,2,
https://cas.res.in/mecha1.html,https://cas.res.in/mecha1.html,200,Welcome to Centre for Advanced Studies | CAS AKTU,,Mechatronics Program,2106,11,50,3,
https://cas.res.in/manu1.html,https://cas.res.in/manu1.html,200,Welcome to Centre for Advanced Studies | CAS AKTU,,Manufacturing Technology and Automation Program,2478,12,48,5,
https://cas.res.in/apply-to-M.Tech.html,https://cas.res.in/apply-to-M.Tech.html,200,Welcome to Centre for Advanced Studies | CAS AKTU,,,613,1,42,2,
https://cas.res.in/apply-to-PhD.html,https://cas.res.in/apply-to-PhD.html,200,Welcome to Centre for Advanced Studies | CAS AKTU,,PhD. Admission,364,1,38,1,
https://cas.res.in/feedetails.html,https://cas.res.in/feedetails.html,200,Welcome to Centre for Advanced Studies | CAS AKTU,,,110,1,44,1,
https://cas.res.in/hostel.html,https://cas.res.in/hostel.html,200,Welcome to Centre for Advanced Studies | CAS AKTU,,,264,2,38,1,
https://cas.res.in/research1.html,https://cas.res.in/research1.html,200,Welcome to Centre for Advanced Studies | CAS AKTU,,Research & Innovation,35169,118,143,164,
https://cas.res.in/infra.html,https://cas.res.in/infra.html,200,Welcome to Centre for Advanced Studies | CAS AKTU,,,5166,43,83,1,
https://cas.res.in/equip.html,https://cas.res.in/equip.html,200,Welcome to Centre for Advanced Studies | CAS AKTU,,Major Equipments,5592,50,38,1,
https://cas.res.in/library.html,https://cas.res.in/library.html,200,Welcome to Centre for Advanced Studies | CAS AKTU,,,1314,4,92,17,
https://cas.res.in/geninfra.html,https://cas.res.in/geninfra.html,200,Welcome to Centre for Advanced Studies | CAS AKTU,,,944,12,38,1,
https://cas.res.in/campustour/index.html,https://cas.res.in/campustour/index.html,200,,,,178,73,0,0,
https://cas.res.in/studentlyf.html,https://cas.res.in/studentlyf.html,200,Welcome to Centre for Advanced Studies | CAS AKTU,,,519,1,38,1,
https://cas.res.in/studentpub.html,https://cas.res.in/studentpub.html,200,Welcome to Centre for Advanced Studies | CAS AKTU,,Student Publications,6713,1,38,59,
https://cas.res.in/alumni.html,https://cas.res.in/alumni.html,200,Welcome to Centre for Advanced Studies | CAS AKTU,,Student Alumni,844,1,38,1,
https://cas.res.in/studentinno.html,https://cas.res.in/studentinno.html,200,Welcome to Centre for Advanced Studies | CAS AKTU,,Student Innovations,93,32,70,1,
https://cas.res.in/contact1.html,https://cas.res.in/contact1.html,200,Welcome to Centre for Advanced Studies | CAS AKTU,,Contact Us,129,1,38,1,
https://cas.res.in/researchareas.html,https://cas.res.in/researchareas.html,200,Welcome to Centre for Advanced Studies | CAS AKTU,,Research Areas of Faculty,1130,1,38,1,
https://cas.res.in/gallery.html,https://cas.res.in/gallery.html,200,Welcome to Centre for Advanced Studies | CAS AKTU,,CAS Events,454,96,170,1,
https://cas.res.in/Publications.html,https://cas.res.in/Publications.html,200,Welcome to Centre for Advanced Studies | CAS AKTU,,,10474,1,38,160,
https://cas.res.in/patents.html,https://cas.res.in/patents.html,200,Welcome to Centre for Advanced Studies | CAS AKTU,,,402,1,37,1,
https://cas.res.in/about-us.html,https://cas.res.in/about-us.html,200,Welcome to Centre for Advanced Studies | CAS AKTU,,About Institute,627,1,38,1,
https://cas.res.in/media.html,https://cas.res.in/media.html,200,Welcome to Centre for Advanced Studies | CAS AKTU,,CAS@media,91,72,108,1,
https://cas.res.in/notices.html,https://cas.res.in/notices.html,200,Welcome to Centre for Advanced Studies | CAS AKTU,,,256,1,56,1,
https://cas.res.in/expert.html,https://cas.res.in/expert.html,200,Welcome to Centre for Advanced Studies | CAS AKTU,,Expert Talks,13650,37,37,1,
https://cas.res.in/intlcollab.html,https://cas.res.in/intlcollab.html,200,Welcome to Centre for Advanced Studies | CAS AKTU,,International Collaborations,2050,1,37,6,
https://cas.res.in/achieve.html,https://cas.res.in/achieve.html,200,Welcome to Centre for Advanced Studies | CAS AKTU,,,434,6,43,1,
https://cas.res.in/activities.html,https://cas.res.in/activities.html,200,Welcome to Centre for Advanced Studies | CAS AKTU,,,104,1,41,1,
https://cas.res.in/home1/index.html,https://cas.res.in/home1/index.html,200,Dr. Anuj Sharma,,Brief Biosketch,671,1,10,1,
https://cas.res.in/machinelearning.html,https://cas.res.in/machinelearning.html,200,Welcome to Centre for Advanced Studies | CAS AKTU,,Machine Learning,819,1,42,8,
https://cas.res.in/cybersecurity.html,https://cas.res.in/cybersecurity.html,200,Welcome to Centre for Advanced Studies | CAS AKTU,,Cybersecurity,413,1,42,3,
https://cas.res.in/ict.html,https://cas.res.in/ict.html,200,Welcome to Centre for Advanced Studies | CAS AKTU,,ICT,382,1,42,3,
https://cas.res.in/stdphdcs.html,https://cas.res.in/stdphdcs.html,200,Welcome to Centre for Advanced Studies | CAS AKTU,,Research Scholar Details,249,9,38,1,
https://cas.res.in/stdphdmecha.html,https://cas.res.in/stdphdmecha.html,200,Welcome to Centre for Advanced Studies | CAS AKTU,,Research Scholar Details,173,4,38,1,
https://cas.res.in/stdphdnano.html,https://cas.res.in/stdphdnano.html,200,Welcome to Centre for Advanced Studies | CAS AKTU,,Research Scholar Details,155,4,38,1,
https://cas.res.in/feemtech.html,https://cas.res.in/feemtech.html,200,Welcome to Centre for Advanced Studies | CAS AKTU,,,246,1,38,1,
https://cas.res.in/blog-full-right-sidebar-with-frame.html,https://cas.res.in/blog-full-right-sidebar-with-frame.html,404,,,,0,0,0,0,
https://cas.res.in/pastfaculty.html.html,https://cas.res.in/pastfaculty.html.html,404,,,,0,0,0,0,
https://cas.res.in/mtechstudents.html,https://cas.res.in/mtechstudents.html,200,Centre for Advanced Studies,,M.Tech Students,606,3,84,2,
https://cas.res.in/phdstudents.html,https://cas.res.in/phdstudents.html,200,Centre for Advanced Studies,,PhD Scholars,310,3,84,2,
https://cas.res.in/mechaphd.html,https://cas.res.in/mechaphd.html,200,Welcome to Centre for Advanced Studies | CAS AKTU,,PhD Mechatronics,261,1,38,1,
https://cas.res.in/phdnano.html,https://cas.res.in/phdnano.html,404,,,,0,0,0,0,
https://cas.res.in/coronarsch.html,https://cas.res.in/coronarsch.html,404,,,,0,0,0,0,
https://cas.res.in/Research.html,https://cas.res.in/Research.html,404,,,,0,0,0,0,
https://cas.res.in/phdrsch.html,https://cas.res.in/phdrsch.html,200,Centre for Advanced Studies,,Doctoral Student Research,565,3,84,2,
https://cas.res.in/fdp.html,https://cas.res.in/fdp.html,404,,,,0,0,0,0,
https://cas.res.in/contact.html,https://cas.res.in/contact.html,404,,,,0,0,0,0,
https://cas.res.in/librarymsg.html,https://cas.res.in/librarymsg.html,200,Welcome to Centre for Advanced Studies | CAS AKTU,,,360,4,32,0,
https://cas.res.in/activity.html,https://cas.res.in/activity.html,404,,,,0,0,0,0,
https://cas.res.in/workshops.html,https://cas.res.in/workshops.html,200,Welcome to Centre for Advanced Studies | CAS AKTU,,Workshop Details,1683,1,80,1,
https://cas.res.in/internship/,https://cas.res.in/internship/,200,Internship Program,"scientific workshop, semantic web, eswc, digital humanities",Summer Training /Summer Internship 2023,232,2,8,0,
https://cas.res.in/75AKAM.html,https://cas.res.in/75AKAM.html,200,Welcome to Centre for Advanced Studies | CAS AKTU,,Azadi ka Amrit Mahotsav,410,2,54,1,
https://cas.res.in/webinar.html,https://cas.res.in/webinar.html,200,Welcome to Centre for Advanced Studies | CAS AKTU,,RESEARCH GROUP MEETINGS & SEMINARS ORGANIZED BY RESEARCH GROUPS,447,1,51,1,
https://cas.res.in/home1/pub.html,https://cas.res.in/home1/pub.html,200,Dr. Anuj Sharma,,Publications,1197,0,9,1,
https://cas.res.in/home1/patents.html,https://cas.res.in/home1/patents.html,200,Dr. Anuj Sharma,,Latest Done Projects,290,4,9,1,
https://cas.res.in/home1/innovation.html,https://cas.res.in/home1/innovation.html,200,,,Innovations,12,0,0,0,
https://cas.res.in/home1/rg.html,https://cas.res.in/home1/rg.html,200,Dr. Anuj Sharma,,Research Group,262,0,9,1,
https://cas.res.in/home1/Equip_avail.html,https://cas.res.in/home1/Equip_avail.html,200,Dr. Anuj Sharma,,Available Equipments,78,0,9,1,
https://cas.res.in/home1/awards.html,https://cas.res.in/home1/awards.html,200,Dr. Anuj Sharma,,Honour and Awards,138,0,9,1,
https://cas.res.in/home1/photo.html,https://cas.res.in/home1/photo.html,200,Dr. Anuj Sharma,,,100,8,17,1,
https://cas.res.in/home1/contact.html,https://cas.res.in/home1/contact.html,200,Dr. Anuj Sharma,,"If you need, Just drop us a line",62,0,8,1,
https://cas.res.in/research.php,https://cas.res.in/research.php,404,,,,0,0,0,0,
https://cas.res.in/rseminar.html,https://cas.res.in/rseminar.html,404,,,,0,0,0,0,
https://cas.res.in/Research1.html,https://cas.res.in/Research1.html,200,Welcome to Centre for Advanced Studies | CAS AKTU,,Research & Innovation,35169,118,143,164,
https://cas.res.in/notifications.html,https://cas.res.in/notifications.html,200,Centre for Advanced Studies,,,237,4,88,3,
https://cas.res.in,https://cas.res.in/,200,Welcome to Centre for Advanced Studies | CAS AKTU,"The Technical University system has to be the main torch bearer of engineering education and research in the state. It is necessary to invest at the appropriate level for cultivating, on a sustainable basis, the ethos of engineering education and research. The Government of India has invested heavily in research establishments in the field of nuclear, defense, space as well as ocean, environment, biotechnology, as well as applied industrial areas.",,1500,28,107,14,
https://cas.res.in/nanophd,https://cas.res.in/nanophd,404,,,,0,0,0,0,
https://cas.res.in/mechaphd,https://cas.res.in/mechaphd,404,,,,0,0,0,0,
https://cas.res.in/Gallery.html,https://cas.res.in/Gallery.html,200,Welcome to Centre for Advanced Studies | CAS AKTU,,CAS Events,454,96,170,1,
https://cas.res.in/internship/index.html,https://cas.res.in/internship/index.html,200,Internship Program,"scientific workshop, semantic web, eswc, digital humanities",Summer Training /Summer Internship 2023,232,2,8,0,
https://cas.res.in/internship/team.html,https://cas.res.in/internship/team.html,200,Internship Program,"scientific workshop, semantic web, eswc, digital humanities",Members,65,0,5,0,
https://cas.res.in/internship/research.html,https://cas.res.in/internship/research.html,200,Internship Program,"scientific workshop, semantic web, eswc, digital humanities",Research Areas,202,0,5,0,
https://cas.res.in/internship/registration.html,https://cas.res.in/internship/registration.html,200,Registration,"scientific workshop, semantic web, eswc, digital humanities",Registration,14,0,5,0,
https://cas.res.in/home1/pub.php,https://cas.res.in/home1/pub.php,404,,,,0,0,0,0,
https://cas.res.in/home1/patents.php,https://cas.res.in/home1/patents.php,404,,,,0,0,0,0,
https://cas.res.in/home1/innovation.php,https://cas.res.in/home1/innovation.php,404,,,,0,0,0,0,
https://cas.res.in/home1/rg.php,https://cas.res.in/home1/rg.php,404,,,,0,0,0,0,
https://cas.res.in/home1/Equip_avail.php,https://cas.res.in/home1/Equip_avail.php,404,,,,0,0,0,0,
https://cas.res.in/home1/awards.php,https://cas.res.in/home1/awards.php,404,,,,0,0,0,0,
https://cas.res.in/home1/photo.php,https://cas.res.in/home1/photo.php,404,,,,0,0,0,0,
https://cas.res.in/home1/contact.php,https://cas.res.in/home1/contact.php,404,,,,0,0,0,0,
