url,source_page,status,content_type,bytes,sha256,local_path,error
https://cas.res.in/pdf/CAS%20M.Tech%20Ordinance%20-%20Revised%20after%20BOS.pdf,https://cas.res.in/,cached,,242873,b707c48874ac1573496658085ffb38e3fa500ee1a48d5230e88a2fc2d2b1eaaa,source-assets/documents/CAS-M.Tech-Ordinance---Revised-after-BOS-bafc592c058a.pdf,
https://cas.res.in/pdf/B. Tech. Ordinance_2025-26.pdf,https://cas.res.in/,cached,,546531,a66ca91ed35410c43ca8b47c9479194aac628e39602080f9eb1ecd431576d23b,source-assets/documents/B.-Tech.-Ordinance_2025-26-c31d8fdaaa9f.pdf,
https://cas.res.in/pdf/Ph.D%20ordinance.pdf,https://cas.res.in/,cached,,284172,89d53c5887c47b9c79e1c6b1e5bbd7383a7a5a87ef903177705c29d4d11ed027,source-assets/documents/Ph.D-ordinance-c407a6c53e56.pdf,
https://cas.res.in/pdf/SCIE%20Journal%20List%20with%20Impactfactor.pdf,https://cas.res.in/,cached,,15078976,d2b9a5bf172116d494374ada51a3d2ee0ca49b6eb543dc5d943d03e2bba579b2,source-assets/documents/SCIE-Journal-List-with-Impactfactor-f5cec912df09.pdf,
https://cas.res.in/pdf/Reporting Notice 03-Aug-2026.pdf,https://cas.res.in/,cached,,215871,a19072ed2cf4e4a9727a0c0fdf23aa78b6e4677c4c38e8f4893f32503703e7a4,source-assets/documents/Reporting-Notice-03-Aug-2026-2354b8742bc8.pdf,
https://cas.res.in/pdf/Guidelines_5.pdf,https://cas.res.in/,cached,,287535,aacaa6b7efcac697dd70adf41a95fcc493a9337ce13b8dda580625d4737178fc,source-assets/documents/Guidelines_5-16bb9b2bd53a.pdf,
https://cas.res.in/pdf/attnd.pdf,https://cas.res.in/,cached,,209465,f24a1173c7233a22b0a1c9ca40ed9151cc19d59fae328a0bc35d55f1bc4ead51,source-assets/documents/attnd-378fcee981ce.pdf,
https://cas.res.in/pdf/circular for registration 2026-27.pdf,https://cas.res.in/,cached,,229274,481c685b582c0cdcd67dd1776335fd21fd95bb36219d6b86101288dd251f8d37,source-assets/documents/circular-for-registration-2026-27-7e6399297b4a.pdf,
https://cas.res.in/pdf/Acdedmic Calender 2026-27.pdf,https://cas.res.in/,cached,,306173,def0a0973c57f185072c80d656025b16f3fa5c51cdb49c328d3576443ebff31e,source-assets/documents/Acdedmic-Calender-2026-27-2998bddc350c.pdf,
https://cas.res.in/pdf/CAS ADMISSION 2026-27 Updated.pdf,https://cas.res.in/,cached,,498962,b09801880f3d42cf1302f594befe1f642cf96e1f8e3a587675721bccd49bb956,source-assets/documents/CAS-ADMISSION-2026-27-Updated-9b940a1b676d.pdf,
https://cas.res.in/pdf/Guidelines for M.Tech. 4th Round of Counselling.pdf,https://cas.res.in/,cached,,288191,bb031936cff2f3f5b70ef45a9625b5d6d218d77daf073cee4459b8ede20b29b1,source-assets/documents/Guidelines-for-M.Tech.-4th-Round-of-Counselling-a63f008a0d87.pdf,
https://cas.res.in/pdf/Fees 2025.pdf,https://cas.res.in/,cached,,280401,c2b36e2ed4b4c05ea4858d118e339dffc8d0c17bc2bc5905cd5c2871cc11efbf,source-assets/documents/Fees-2025-b4e2da61f5df.pdf,
https://cas.res.in/pdf/CAS Newsletter January 2022.pdf,https://cas.res.in/,cached,,3822971,a85e71018b5f96f2f94043740469addb77dffa02d5688914f3551a555bf07d3c,source-assets/documents/CAS-Newsletter-January-2022-49e3b43a9308.pdf,
https://cas.res.in/pdf/AICTE_new.pdf,https://cas.res.in/,cached,,1614653,426005d142d95ed3019523afc8000354a8658e63460d2061493b50a9bde765f4,source-assets/documents/AICTE_new-abfdf96cd038.pdf,
https://cas.res.in/pdf/committee.pdf,https://cas.res.in/,cached,,2409811,55e6170a478c0b04d9c2459e909f36f74fe88f9cdd2694a9852fb527c731b27d,source-assets/documents/committee-63fb2eeaeb75.pdf,
https://cas.res.in/pdf/nirf.pdf,https://cas.res.in/,cached,,20534,1d9231199ea1e0030ae55d759e236c3787003ff7adc50ca1934ba7421da33097,source-assets/documents/nirf-6f1ff7c639bb.pdf,
https://cas.res.in/pdf/Document 181.pdf,https://cas.res.in/,cached,,783262,aa09746530bb4366e0ca0757db643622693097ec8e5b43733645c4a651efe63e,source-assets/documents/Document-181-d4e0b2f2d994.pdf,
https://cas.res.in/pdf/Dr.Anuj.pdf,https://cas.res.in/faculty.html,cached,,210629,f448bbe88f74ce3019bbc4374de6400cdc8d036a383f7b8da9dc512315c3a7f6,source-assets/documents/Dr.Anuj-8ed1cb4481bd.pdf,
https://cas.res.in/pdf/Dr.saurabh.pdf,https://cas.res.in/faculty.html,cached,,78563,76b295a3b444f3d78fa44f7c17d0989416127f5d886ba1d4e8bb90cf4d448014,source-assets/documents/Dr.saurabh-0da3d2e79dd3.pdf,
https://cas.res.in/pdf/hks_pub.pdf,https://cas.res.in/faculty.html,cached,,659586,7137beff9d35e565295a228bb89a387728bbddcb8f75d62c265a319b15176554,source-assets/documents/hks_pub-f64adee6f628.pdf,
https://cas.res.in/pdf/Research Publications_Chandramani.pdf,https://cas.res.in/faculty.html,cached,,140226,6f08aefb8719c67d067dc480459277ef5cca8fa008b6218ae373c2153f5a8633,source-assets/documents/Research-Publications_Chandramani-f617f0a9dc37.pdf,
https://cas.res.in/pdf/dr.rohit_pub.pdf,https://cas.res.in/faculty.html,cached,,314316,1fd4a0a550567fc9df3d1c78d0533ca09da865e4a0cbd3a69909401701e1b2a7,source-assets/documents/dr.rohit_pub-a6daee75b65d.pdf,
https://cas.res.in/pdf/Dr.K.V.Arya.pdf,https://cas.res.in/visitingfaculty.html,cached,,505162,c712d65873f754e60ff67079c1934db1f591242d5754f7f164a9f975eb9718bb,source-assets/documents/Dr.K.V.Arya-0e0439be5752.pdf,
https://cas.res.in/pdf/Dr.V.Singh.pdf,https://cas.res.in/visitingfaculty.html,cached,,255300,43e119a838e4be19762f09b222fe4ba0e5766644ae86fd471a65d6c27e2078be,source-assets/documents/Dr.V.Singh-d68c0de8bd6a.pdf,
https://cas.res.in/pdf/Dr.ManishKumar.pdf,https://cas.res.in/visitingfaculty.html,cached,,477808,c224bf48a19904916e98856f5dae723ba1ba209bedc9978973eaaf9b328a00b9,source-assets/documents/Dr.ManishKumar-02ad33272a3e.pdf,
https://cas.res.in/pdf/For CAS websitemkd.pdf,https://cas.res.in/pastfaculty.html,cached,,1000288,0b147caa1e19bcd29a5b779f8c22f099faa6bce36d46b9e13f57890e57101390,source-assets/documents/For-CAS-websitemkd-4f2f926836e0.pdf,
https://cas.res.in/pdf/Dr.Piyush.pdf,https://cas.res.in/pastfaculty.html,cached,,276948,f3d0620e2ee8198fa4e667b6eacd8f1bbc205278b778463c069d60f42c94406c,source-assets/documents/Dr.Piyush-d6100afad00d.pdf,
https://cas.res.in/pdf/Dr.Shiv.pdf,https://cas.res.in/pastfaculty.html,404,text/html,,,source-assets/documents/Dr.Shiv-4cf5e6ef875a.pdf,404 Client Error: Not Found for url: https://cas.res.in/pdf/Dr.Shiv.pdf
https://cas.res.in/pdf/Mr.Rabesh.pdf,https://cas.res.in/pastfaculty.html,cached,,833495,a2037d8ce4dc182543be6a60cd3ecfc6c232a380714019eea91ad98690ebeddf,source-assets/documents/Mr.Rabesh-c1b0972c9503.pdf,
https://cas.res.in/pdf/CV_Gopal_JI_new.pdf,https://cas.res.in/pastfaculty.html,cached,,92656,8de7a2eeeb8b72b740ad4a734b608be7002f709ed8b2038a85e74f73d059dbaf,source-assets/documents/CV_Gopal_JI_new-3d51a98abcc0.pdf,
https://cas.res.in/pdf/pushpendra.pdf,https://cas.res.in/pastfaculty.html,cached,,363505,630c29c590d7cd604b869bd8109920b36e3beb0efdad10065c86ca5c1081f810,source-assets/documents/pushpendra-27da05a52835.pdf,
https://cas.res.in/pdf/Dr.PrateekRajGautam ListOfPublications.pdf,https://cas.res.in/pastfaculty.html,cached,,118802,118d43f649f3fa496918f8bb6205d21868fd87a79a4520f046fe87e94859cdfa,source-assets/documents/Dr.PrateekRajGautam-ListOfPublications-3eb0673ffb8f.pdf,
https://cas.res.in/pdf/jagritipub.pdf,https://cas.res.in/pastfaculty.html,cached,,62751,37740fef14b8ae6346310c79dc380bc87717a17ab1410473ab8b24b50c51a9c5,source-assets/documents/jagritipub-dbd7b3dc763b.pdf,
https://cas.res.in/pdf/manjaripub.pdf,https://cas.res.in/pastfaculty.html,cached,,206693,2c8b87d956ce8687186e97420ac639f00636833c535f86f8ca6bdbd81f9be34f,source-assets/documents/manjaripub-1f7f3d13a699.pdf,
https://cas.res.in/pdf/sajal.pdf,https://cas.res.in/pastfaculty.html,404,text/html,,,source-assets/documents/sajal-f9614f30e010.pdf,404 Client Error: Not Found for url: https://cas.res.in/pdf/sajal.pdf
https://cas.res.in/pdf/Dr.Anupam.pdf,https://cas.res.in/pastfaculty.html,cached,,486823,5b65990c66f218f4d6800f424f1acbc6b84aa7260cea6477aa08b297ade09625,source-assets/documents/Dr.Anupam-3bb6b3633f82.pdf,
https://cas.res.in/pdf/Dr.Sahoo.pdf,https://cas.res.in/pastfaculty.html,404,text/html,,,source-assets/documents/Dr.Sahoo-84a1ca41bc26.pdf,404 Client Error: Not Found for url: https://cas.res.in/pdf/Dr.Sahoo.pdf
https://cas.res.in/pdf/CHITRA_Publications-SKILLS-ON REVIEWER PANEL.pdf,https://cas.res.in/pastfaculty.html,cached,,251045,6729c9c5cde38e9dc59c24652dcc23fed6dd4020bbca6a17aa19fd93b7f7b502,source-assets/documents/CHITRA_Publications-SKILLS-ON-REVIEWER-PANEL-108756b04372.pdf,
https://cas.res.in/pdf/Previous Program Struture Nov2019(3).pdf,https://cas.res.in/Mtechcse.html,cached,,729738,9a548a089723d207dc2cbb24fbe136197bbbeecc335ef64056cb75937628548e,source-assets/documents/Previous-Program-Struture-Nov2019-3-413557b83ee3.pdf,
https://cas.res.in/pdf/CAS Final M.tech CSE Syllabus- Updated Nov2019.pdf,https://cas.res.in/Mtechcse.html,cached,,391739,c7230111841f5987cf39ca629cd279ec87a71271432c525250d580061c54ef7a,source-assets/documents/CAS-Final-M.tech-CSE-Syllabus--Updated-Nov2019-58d4d7c28c2d.pdf,
https://cas.res.in/pdf/CSE-Syllabus 2021-22.pdf,https://cas.res.in/Mtechcse.html,cached,,1843056,b027e87b7377f8aebd4f740c173743cb0acb73f62dbbea3e48d555e6f7cbc5c6,source-assets/documents/CSE-Syllabus-2021-22-fc2735b31745.pdf,
https://cas.res.in/pdf/2ndsemttcse.pdf,https://cas.res.in/Mtechcse.html,cached,,14091,6ca32e6b22e450184de14d4acdfb984fa839553fde5c50c1d5123060c0c3cbce,source-assets/documents/2ndsemttcse-c672b054ee01.pdf,
https://cas.res.in/pdf/nanosyllabus.pdf,https://cas.res.in/mtechnano.html,cached,,364194,465970ffd48ee8dd72042f313f0f30fbd45707888ecd5ec63ac58f86593499aa,source-assets/documents/nanosyllabus-46963d28fb3e.pdf,
https://cas.res.in/pdf/nano1.pdf,https://cas.res.in/mtechnano.html,cached,,187355,6b0a809c4dbc8975a026ff20a5a996fd0239ba98e4150dc07aa6b7ceacee2e34,source-assets/documents/nano1-7bbeafd92fb7.pdf,
https://cas.res.in/pdf/nano2.pdf,https://cas.res.in/mtechnano.html,cached,,96613,dd7399644c6ba2c866f321bd34ba8636e2183fdf19ee542b5c11a039bc25fc66,source-assets/documents/nano2-98cf424f2d8e.pdf,
https://cas.res.in/pdf/EST-Syllabus MTech.pdf,https://cas.res.in/mtechenergy.html,cached,,575424,2ecce1849ee681c967ea463fbd7fb3038b516dc459acbafd7c6ccebb3d834a03,source-assets/documents/EST-Syllabus-MTech-df7270debef9.pdf,
https://cas.res.in/pdf/est1.pdf,https://cas.res.in/mtechenergy.html,cached,,191885,77a86c6009e68985cb12e566a2c3f24d5e5f7e74f4eda0289e75c25628d5c45b,source-assets/documents/est1-5f7fecdb994e.pdf,
https://cas.res.in/pdf/Mechatronics Syllabus.pdf,https://cas.res.in/mtechmecha.html,cached,,1134596,d4de36f67ccd09613831d2055f1b1113c2e8e87972440ad585f18270ed547075,source-assets/documents/Mechatronics-Syllabus-bf86483c4f66.pdf,
https://cas.res.in/pdf/Mechatronics M.Tech Syllabus & Structure revised & without highlighted wef 2022-2023.pdf,https://cas.res.in/mtechmecha.html,cached,,1022089,e7242ab2fab735970711052e11c202ec1874afd235885a9a6386a71ce1bed3fa,source-assets/documents/Mechatronics-M.Tech-Syllabus-Structure-revised-without-highlighted-wef-2022-2023-1ec4178013cc.pdf,
https://cas.res.in/pdf/1st & 3rd Sem TIME TABLE Mechatronics 2023-24 (1).pdf,https://cas.res.in/mtechmecha.html,cached,,316520,96dae4947043cb3e8863a51dc8f61fb4578ef7ab965f1c46207ed33147bd5640,source-assets/documents/1st-3rd-Sem-TIME-TABLE-Mechatronics-2023-24-1-d8916b971a3a.pdf,
https://cas.res.in/pdf/mecha lst 2019-21.pdf,https://cas.res.in/mtechmecha.html,cached,,71007,b2ac42d2f4a916ad5b4e90975328064820c7730df4fc316bfb273543758cb9c2,source-assets/documents/mecha-lst-2019-21-582c448a4678.pdf,
https://cas.res.in/pdf/mecha 2nd 2019-21.pdf,https://cas.res.in/mtechmecha.html,cached,,67137,50aa57c7bc02dc830ef328e75b4489e0222c77c86d724c6013311e9f464aac56,source-assets/documents/mecha-2nd-2019-21-d071eb5181dd.pdf,
https://cas.res.in/pdf/manufacturingsyllbs.pdf,https://cas.res.in/mtechmanufacturing.html,cached,,780504,4c1be20880ab9a82db5854ca57dda018fb8ce1dd58f2ca981474f008a73a2ee9,source-assets/documents/manufacturingsyllbs-c580c7b6b50f.pdf,
https://cas.res.in/pdf/Manu M.Tech Syllabus & Structure CAS (Revised & without highlighted ) wef 2022-2023.pdf,https://cas.res.in/mtechmanufacturing.html,cached,,884532,771b348cc177bdcfec54f55d5f14efca1539604021bec7bc57a8b44868d227b2,source-assets/documents/Manu-M.Tech-Syllabus-Structure-CAS-Revised-without-highlighted-wef-2022-2023-7a00af939416.pdf,
https://cas.res.in/pdf/1st & 3rd Sem TIME TABLE Manufacturing 2023-24 (1).pdf,https://cas.res.in/mtechmanufacturing.html,cached,,422348,74ee63a0bc9e584365861cc276e5c0b7af1f275614171fc148a67d4d577eb18f,source-assets/documents/1st-3rd-Sem-TIME-TABLE-Manufacturing-2023-24-1-d319f42d7f5c.pdf,
https://cas.res.in/pdf/MTA lst 2020-22.pdf,https://cas.res.in/mtechmanufacturing.html,cached,,76570,6114916ab970f9caf97f1c9467a394fd27ca1b3a6266d47abd0cf1249c580149,source-assets/documents/MTA-lst-2020-22-9df691eff602.pdf,
https://cas.res.in/pdf/MTA 2nd 2019-21.pdf,https://cas.res.in/mtechmanufacturing.html,cached,,70710,00bef7331112e2837cdb2c15a02678783f4bd58b8a88dc6d91c9259b7fc6b7e2,source-assets/documents/MTA-2nd-2019-21-093d13f06e8d.pdf,
https://cas.res.in/pdf/B.Tech Scheme and Syllabus_CSE and CSE (AI ML)_09.01.26.pdf,https://cas.res.in/Btech.html,cached,,1550109,da43f56a365aaf8db487d77c90168da5af93c8c636f71084a49e93cf5e4778d9,source-assets/documents/B.Tech-Scheme-and-Syllabus_CSE-and-CSE-AI-ML-_09.01.26-1af79e58c4f3.pdf,
https://cas.res.in/pdf/B.Tech Scheme and Syllabus_Electronics Engineering (VLSI Design and Technology)_09.01.26.pdf,https://cas.res.in/Btech.html,cached,,1533579,6030e1e5744ea8c019840536b2bbb5752d11f3a18d7f9db781e48adcfe14e311,source-assets/documents/B.Tech-Scheme-and-Syllabus_Electronics-Engineering-VLSI-Design-and-Technology-_09.01.26-4f93fce9a0e6.pdf,
https://cas.res.in/pdf/B.Tech Scheme and Syllabus_Mechatronics and Mechanical Engineering_09.01.26.pdf,https://cas.res.in/Btech.html,cached,,1569471,e0ee763c5551c74e007ad12294593ef2252252025294b3dc1a95ad60bc6b065c,source-assets/documents/B.Tech-Scheme-and-Syllabus_Mechatronics-and-Mechanical-Engineering_09.01.26-fb1ff1006b16.pdf,
https://cas.res.in/pdf/B.Tech (CSE AND CSE AIML) II and III semester scheme and syllabus.pdf,https://cas.res.in/Btech.html,cached,,1181465,d98d09fb85fa30a45842ba52746f0b7ca422921724f53c456f8d02bf99908b76,source-assets/documents/B.Tech-CSE-AND-CSE-AIML-II-and-III-semester-scheme-and-syllabus-462f2719decc.pdf,
https://cas.res.in/pdf/B.Tech (Electronics Engineering (VLSI Design and Technology)) II and III semester scheme and syllabus.pdf,https://cas.res.in/Btech.html,cached,,1051845,cd15bbe5e2acfde2c4eff470ad7e4279ca9d46a323403667b743768aaa19c414,source-assets/documents/B.Tech-Electronics-Engineering-VLSI-Design-and-Technology-II-and-III-semester-scheme-and-syllabus-47f3a8411958.pdf,
https://cas.res.in/pdf/B.Tech (Mechanical and Mechatronics Engineering (Additive Manufacturing)) II and III semester scheme and syllabus.pdf,https://cas.res.in/Btech.html,cached,,813531,d4313bde23d081ebb5831f33f8237079563a60112fc87e5f83396905ee8e6e65,source-assets/documents/B.Tech-Mechanical-and-Mechatronics-Engineering-Additive-Manufacturing-II-and-III-semester-scheme-and-syllabus-2bbd20e499bc.pdf,
https://cas.res.in/pdf/estlab.pdf,https://cas.res.in/est1.html,cached,,397544,68d249dfa43f8ff4b87dc898a02ed09e88cd88e51099d357509361b38958062d,source-assets/documents/estlab-22c08e12a77a.pdf,
https://cas.res.in/pdf/mecha_students.pdf,https://cas.res.in/mecha1.html,cached,,21690,fda58354b8263fe3eda0a16484f9d4d4fe5361fdc5a0bc2222498d649156f77a,source-assets/documents/mecha_students-fd566e4dad32.pdf,
https://cas.res.in/pdf/DST_project1_biomedical_details_1pm.pdf,https://cas.res.in/research1.html,cached,,1173669,52760ac99146cbbe986ace4e16c3a4edca0e36f53a2a38d92c60ef5acad9ec45,source-assets/documents/DST_project1_biomedical_details_1pm-604d25063310.pdf,
https://cas.res.in/pdf/DST_project_2_blind_assistive.pdf,https://cas.res.in/research1.html,cached,,1307344,bfb797d108ea35e63256ae7fd57d613359e19544ea38bee52b09fced46877913,source-assets/documents/DST_project_2_blind_assistive-f947d78cfd9b.pdf,
https://cas.res.in/pdf/innov1.pdf,https://cas.res.in/research1.html,cached,,476641,966d74db3ed07f160c525bceee917338c41976cc04bf07d88610efe90c762794,source-assets/documents/innov1-337859599c50.pdf,
https://cas.res.in/pdf/innov2.pdf,https://cas.res.in/research1.html,cached,,477999,5d72ccb7d71b7431567a426a46f5fd7555056398567ff0795500a645d4eb6011,source-assets/documents/innov2-6a2ac08054fc.pdf,
https://cas.res.in/pdf/innov3.pdf,https://cas.res.in/research1.html,cached,,374078,e2f197d0c4f841897d58881f330c0bf8ad03baa6bcae5278754018f3b9b4cd2f,source-assets/documents/innov3-af0cc3e9e541.pdf,
https://cas.res.in/pdf/innov4.pdf,https://cas.res.in/research1.html,cached,,414931,688840d32688d9cce96c6e5b9132e03bb7d03b3f3d40874ebeb1a1fcf77fca2a,source-assets/documents/innov4-265bde6553ae.pdf,
https://cas.res.in/pdf/innov5.pdf,https://cas.res.in/research1.html,cached,,399398,9a9d4e0f5db0cb611b8c6d49d7441a83adc1c301f9c82ac9b2afae28b4a76e10,source-assets/documents/innov5-ab9f1f15d332.pdf,
https://cas.res.in/pdf/innov6.pdf,https://cas.res.in/research1.html,cached,,351790,f13007247eb4dd988a27e86a6b0e5eecca53e741475a768f26a4e2ce2e4ae1a9,source-assets/documents/innov6-803d11048f78.pdf,
https://cas.res.in/pdf/innov7.pdf,https://cas.res.in/research1.html,cached,,417134,6106b4744100849b0baac74a292635265bd842ea317ef7f99fed493f8a046f51,source-assets/documents/innov7-004f4c1f9ec2.pdf,
https://cas.res.in/pdf/innov8.pdf,https://cas.res.in/research1.html,cached,,324039,ea7e6066003eba517a7bab861b757ac65a5b32c07d24bec0175146f868dac51f,source-assets/documents/innov8-cb6db64a689b.pdf,
https://cas.res.in/pdf/innov9.pdf,https://cas.res.in/research1.html,cached,,352443,2dcfda989ae1f85833fff20ee513267a66f8a874b7de0ebc201e93982a32edea,source-assets/documents/innov9-8c5e6a8de102.pdf,
https://cas.res.in/pdf/Anam_fatima_Posters_research.pdf,https://cas.res.in/research1.html,404,text/html,,,source-assets/documents/Anam_fatima_Posters_research-6a16a339f69e.pdf,404 Client Error: Not Found for url: https://cas.res.in/pdf/Anam_fatima_Posters_research.pdf
https://cas.res.in/pdf/EMF_radiation_Posters_research.pdf,https://cas.res.in/research1.html,404,text/html,,,source-assets/documents/EMF_radiation_Posters_research-4f1f7ceb192f.pdf,404 Client Error: Not Found for url: https://cas.res.in/pdf/EMF_radiation_Posters_research.pdf
https://cas.res.in/pdf/Auto_immune_disease_Posters_research.pdf,https://cas.res.in/research1.html,404,text/html,,,source-assets/documents/Auto_immune_disease_Posters_research-3629850eb71f.pdf,404 Client Error: Not Found for url: https://cas.res.in/pdf/Auto_immune_disease_Posters_research.pdf
https://cas.res.in/pdf/Covid_Posters_research.pdf,https://cas.res.in/research1.html,404,text/html,,,source-assets/documents/Covid_Posters_research-a9a867052c33.pdf,404 Client Error: Not Found for url: https://cas.res.in/pdf/Covid_Posters_research.pdf
https://cas.res.in/pdf/Research Seminar_11.pdf,https://cas.res.in/research1.html,cached,,505748,dceba8c8a1c7966e724058a1eb426c46b232d92c8d4d6a1800458db35525af70,source-assets/documents/Research-Seminar_11-2ee171a99d79.pdf,
https://cas.res.in/pdf/Research Seminar_2.pdf,https://cas.res.in/research1.html,cached,,603198,9fc6a2496b8c9d4ab297b6d28dcd5c926de5aca1d1fb0a7af74a654ebf25fc10,source-assets/documents/Research-Seminar_2-95a2d6479d49.pdf,
https://cas.res.in/pdf/Research Seminar_3.pdf,https://cas.res.in/research1.html,cached,,635092,6e5e24773099ebdf1eb1105e50c7d2a0a38f0aec38fa86f48159b11fae3c4687,source-assets/documents/Research-Seminar_3-dbb8f49891ef.pdf,
https://cas.res.in/pdf/Research Seminar_4.pdf,https://cas.res.in/research1.html,cached,,511035,6d4f445a078d6c4fe5e065525ce3b23c690df9f26017f8813d137565bf14811d,source-assets/documents/Research-Seminar_4-4cfd03590fb7.pdf,
https://cas.res.in/pdf/Research Seminar_5.pdf,https://cas.res.in/research1.html,cached,,516602,5fc943477adfdb716585fa04179fbb9f1424833c9cb5e13eabb92ebe4515acb9,source-assets/documents/Research-Seminar_5-3b279acfb59e.pdf,
https://cas.res.in/pdf/Research Seminar_6.pdf,https://cas.res.in/research1.html,cached,,514221,861f3495f6442661ffcb29d06fdd7df906bce3b118f51946bdea807ac1cb97f5,source-assets/documents/Research-Seminar_6-10bcb3247883.pdf,
https://cas.res.in/pdf/Research Seminar_7.pdf,https://cas.res.in/research1.html,cached,,533620,1a1766cf1631f4ec2dcd3d844b255997e55d372bd5e334beb0b0149f9190642e,source-assets/documents/Research-Seminar_7-483e03b6d170.pdf,
https://cas.res.in/pdf/rseminar8.pdf,https://cas.res.in/research1.html,cached,,132544,1c11918bf6ba05d461ae0cfd1d8724bc3b934b48984fd886d494bab17336e99a,source-assets/documents/rseminar8-048e12023f19.pdf,
https://cas.res.in/pdf/Research Seminar_9.pdf,https://cas.res.in/research1.html,cached,,441480,8c61793e2f3a439a7d248a4e59fa34f4711ce325999eb373558e7b86ec83f1ac,source-assets/documents/Research-Seminar_9-1bed4586a711.pdf,
https://cas.res.in/pdf/Research Seminar_10.pdf,https://cas.res.in/research1.html,cached,,3009659,3574418e3875790f449189bc825f7f364bcc977ae6eeee34d768cd39940e19b9,source-assets/documents/Research-Seminar_10-07f79f572f27.pdf,
https://cas.res.in/pdf/seminar11.pdf,https://cas.res.in/research1.html,cached,,247350,3e881596c15d71a6103d8b8355e929a5175d1e085ec123385551fe9fcc8faab1,source-assets/documents/seminar11-9ac0a3444930.pdf,
https://cas.res.in/pdf/Research Seminar_12.pdf,https://cas.res.in/research1.html,cached,,421451,8486f4cadacf7ac61682bba3cdf325c4d77e5d6c8ae705250fe7e888e1810501,source-assets/documents/Research-Seminar_12-8a2ada319107.pdf,
https://cas.res.in/pdf/Research Seminar 15 - abstract.pdf,https://cas.res.in/research1.html,cached,,2668269,523c336b48fa9fff50f4a6a6eace16e9f4041091685fb3cf72175524fc2566f2,source-assets/documents/Research-Seminar-15---abstract-e16eb40f6ada.pdf,
https://cas.res.in/pdf/W1-converted.pdf,https://cas.res.in/research1.html,cached,,98448,e6b87f18e5b30789d5355dca2f00cd7a3503a92eef0a1d3c44ef20c976fb359e,source-assets/documents/W1-converted-6a441cb9a33a.pdf,
https://cas.res.in/pdf/W2-converted.pdf,https://cas.res.in/research1.html,cached,,177011,e340887fb48af4f144a607e13b9423496c688d83797710f2648bfa6ec8ead225,source-assets/documents/W2-converted-68c9e18d1645.pdf,
https://cas.res.in/pdf/W3 S1-converted.pdf,https://cas.res.in/research1.html,cached,,176140,0026948308190701f0b1dba58c23389be4b8908388c656275c63a7151dcc12e8,source-assets/documents/W3-S1-converted-a92cf4f13501.pdf,
https://cas.res.in/pdf/W3 S2-converted.pdf,https://cas.res.in/research1.html,cached,,203804,9618fb9424cd05d9ca16f679f0c06dfe29badf51dfed16384c66eecf0afbdadf,source-assets/documents/W3-S2-converted-32479faa9f7a.pdf,
https://cas.res.in/pdf/W4 S1-converted.pdf,https://cas.res.in/research1.html,cached,,681750,8bba651fb49482773f8c98c2ab25edc9a223da49f50e6de67c6b3ff7c2c8eb22,source-assets/documents/W4-S1-converted-1b71d4ffa9ae.pdf,
https://cas.res.in/pdf/W4 S2-converted.pdf,https://cas.res.in/research1.html,cached,,576003,240b6699efe839814caadabe1b62b316f072492a5372ffc68ffc4d07f82f5e6b,source-assets/documents/W4-S2-converted-2b1559d86617.pdf,
https://cas.res.in/pdf/W5-converted.pdf,https://cas.res.in/research1.html,cached,,471263,6c36269cf3947b45d5ba8ed3fc4a92b4c09e547ef257dd0bd020d037157639a2,source-assets/documents/W5-converted-2a507ede29ca.pdf,
https://cas.res.in/pdf/W7 S1-converted.pdf,https://cas.res.in/research1.html,cached,,143988,cf50320dfc1af60b8cc303fb5e3aaeba88156b8c738840f99066f8d677005140,source-assets/documents/W7-S1-converted-35c62866393d.pdf,
https://cas.res.in/pdf/W7 S2-converted.pdf,https://cas.res.in/research1.html,cached,,52211,03c19b94ffebfe53f83097ce374a6948601f1e205b2a0f8cf76d68cef9e33f22,source-assets/documents/W7-S2-converted-dc0430a19622.pdf,
https://cas.res.in/pdf/w8new-converted.pdf,https://cas.res.in/research1.html,cached,,300227,aebf4d55ec18e0a8e13dc91b1b87e342a87fb8778c0b37715fe052ff6c35f15b,source-assets/documents/w8new-converted-b091cb27a2a8.pdf,
https://cas.res.in/pdf/AI LAB CAS.pdf,https://cas.res.in/infra.html,cached,,1934330,e3dc7cdbf1aba7a4110082beb149fd949f38d4501db85b1ff9cd4ecd20f857a3,source-assets/documents/AI-LAB-CAS-46d8f3cc8994.pdf,
https://cas.res.in/pdf/nanofab.pdf,https://cas.res.in/infra.html,404,text/html,,,source-assets/documents/nanofab-d7bb291cc52f.pdf,404 Client Error: Not Found for url: https://cas.res.in/pdf/nanofab.pdf
https://cas.res.in/pdf/CAS M.Tech Ordinance - Revised after BOS.pdf,https://cas.res.in/library.html,cached,,242873,b707c48874ac1573496658085ffb38e3fa500ee1a48d5230e88a2fc2d2b1eaaa,source-assets/documents/CAS-M.Tech-Ordinance---Revised-after-BOS-6136c4efcf0b.pdf,
https://cas.res.in/pdf/Ph.D ordinance.pdf,https://cas.res.in/library.html,cached,,284172,89d53c5887c47b9c79e1c6b1e5bbd7383a7a5a87ef903177705c29d4d11ed027,source-assets/documents/Ph.D-ordinance-586ee0839a80.pdf,
https://cas.res.in/pdf/SCIE Journal List with Impactfactor.pdf,https://cas.res.in/library.html,cached,,15078976,d2b9a5bf172116d494374ada51a3d2ee0ca49b6eb543dc5d943d03e2bba579b2,source-assets/documents/SCIE-Journal-List-with-Impactfactor-29ba59aafc09.pdf,
https://cas.res.in/pdf/AGRAGAMAN 2020_FINAL-07-07-2020 (1).pdf,https://cas.res.in/library.html,cached,,59915171,eb08db13a9b70fc0cdf063335118eea0f4ea91ab12e1f3f7e4f41865d61703fd,source-assets/documents/AGRAGAMAN-2020_FINAL-07-07-2020-1-ea967ac6d40e.pdf,
https://cas.res.in/library/BSP ebook-Urls.pdf,https://cas.res.in/library.html,cached,,205255,83b081aecedbfb8ae99705c1ae4864c9b988a9c87bf5a3e1041312e64b27f8e5,source-assets/documents/BSP-ebook-Urls-aadd78e24b20.pdf,
https://cas.res.in/library/BPSE2022.pdf,https://cas.res.in/library.html,cached,,213763,ac72234a4006e1c2ebc0ba34ae244f60e4ff7c33d400edd24d957c5efc9148c8,source-assets/documents/BPSE2022-44483546a210.pdf,
https://cas.res.in/library/bspebooks.pdf,https://cas.res.in/library.html,cached,,763456,011a37934d388b74562998aaca9e635efbaa88976c77cb32757f3ac4041f30c9,source-assets/documents/bspebooks-f09430280371.pdf,
https://cas.res.in/library/cambridge.pdf,https://cas.res.in/library.html,cached,,1142006,771d6abb55adcae579246ef8c4e9f03dd4459e3fcc132ecdce39fe830d961a43,source-assets/documents/cambridge-7852c2bea0a8.pdf,
https://cas.res.in/library/elsevier2021.pdf,https://cas.res.in/library.html,cached,,521269,10c63a9c4ffe0ced04aef78b0e942e0bdd8411858a1cca46fdaa141c3e1c28c9,source-assets/documents/elsevier2021-149802103e2a.pdf,
https://cas.res.in/library/elsevier2022.pdf,https://cas.res.in/library.html,cached,,489746,298f9987ded9b234164e5544a48500709901ab4375e2b630b59431c55dea83c4,source-assets/documents/elsevier2022-cd685c7d40bc.pdf,
https://cas.res.in/library/E-books Purchased 2020-2022.pdf,https://cas.res.in/library.html,cached,,190796,62ca7aa22e7defde1de76777143648696ec34c2958de05c6f12859229cd6a060,source-assets/documents/E-books-Purchased-2020-2022-5b18215d7d1b.pdf,
https://cas.res.in/library/E-Consortium -perpetual books details.pdf,https://cas.res.in/library.html,cached,,421185,e8a5b4f127488e27159300a204f5d97699969b0807610f09c46564e937207b3d,source-assets/documents/E-Consortium--perpetual-books-details-fe630dbb527d.pdf,
https://cas.res.in/library/mghaktu.pdf,https://cas.res.in/library.html,cached,,127667,ee2bf9522c23518a7bbb9fe6be01278ebf74dd233cb97422151cbce5651f93e4,source-assets/documents/mghaktu-55a2219df416.pdf,
https://cas.res.in/library/newageebooks.pdf,https://cas.res.in/library.html,cached,,358395,07d5cc4f1288ea0eda27537b640da1194a2505888cbf6041aa2d80e1f56b5fc8,source-assets/documents/newageebooks-5fdeb4cf4f17.pdf,
https://cas.res.in/library/ONOS.pdf,https://cas.res.in/library.html,cached,,439171,5000c8f6b14c3f911ef80f60dc426fd27207549d120ecabcbcc6099e87413d97,source-assets/documents/ONOS-7f6c47bdff17.pdf,
https://cas.res.in/library/pearson.pdf,https://cas.res.in/library.html,cached,,469640,abc0cd00f993a6f3ed64ac93a5ca5fa9a39b75dcf06afc31d75805cea1b11070,source-assets/documents/pearson-fdf2d171aa96.pdf,
https://cas.res.in/library/PHI-AKTU Final List of Titles.pdf,https://cas.res.in/library.html,cached,,455673,a79d1783daa5e8613341f53edc897d09fba0dafac70ddb037e83965e998c7018,source-assets/documents/PHI-AKTU-Final-List-of-Titles-ebd13fb8c381.pdf,
https://cas.res.in/library/springer2018.pdf,https://cas.res.in/library.html,cached,,1127453,112c85796968a98412c2e466d59e75979d723943860eb61f401154f3b06d2c23,source-assets/documents/springer2018-86c8ffbe62e7.pdf,
https://cas.res.in/library/springer2022.pdf,https://cas.res.in/library.html,cached,,3713298,90d6af0da81869c4bfb58850c9464593c187d4d3d3e5ca56800445a79cd48e8b,source-assets/documents/springer2022-87985e945204.pdf,
https://cas.res.in/library/T&F.pdf,https://cas.res.in/library.html,cached,,5862022,36ef6adc5cec0a8b8e66db090e521e34c90830dd3bbe3b3c46d40ccc093a0374,source-assets/documents/T-F-e34de3b1d008.pdf,
https://cas.res.in/pdf/Advertisement for faculty CAS.pdf,https://cas.res.in/notices.html,cached,,796007,da5b738d401024259847d03511b954fba835833f2810fc3d2effe36998ecdf98,source-assets/documents/Advertisement-for-faculty-CAS-b956db9b78b6.pdf,
https://cas.res.in/pdf/Shortlisted data for Internship.pdf,https://cas.res.in/notices.html,cached,,1218355,8e8df2841b756bf04c0cc63928c9f8d1eb33343917358c67a2caec099052f458,source-assets/documents/Shortlisted-data-for-Internship-e6c08baf0e9b.pdf,
https://cas.res.in/pdf/All_Equipments_CAS_23 May 2022 new.pdf,https://cas.res.in/notices.html,cached,,1921162,bc888c3ab42adf18a07de6246b338d7d6d7a626078e0948cfd8b4c3d5dc07861,source-assets/documents/All_Equipments_CAS_23-May-2022-new-bad69933770a.pdf,
https://cas.res.in/pdf/Advertisement for JRF-22 Feb 2022.pdf,https://cas.res.in/notices.html,cached,,644971,b75bd898c700c495305531b9c4ba0edae5168c659bc336f4a6ba0ab23d62c1ee,source-assets/documents/Advertisement-for-JRF-22-Feb-2022-865e1047c48e.pdf,
https://cas.res.in/pdf/Advertisement for JRF-Nov 2021.pdf,https://cas.res.in/notices.html,cached,,648874,02d2ddf692b19ac3f4e349408a2ce50c6ca270cc97d910647fbd2159f7772d15,source-assets/documents/Advertisement-for-JRF-Nov-2021-76796f064c65.pdf,
https://cas.res.in/pdf/PhD Leave Rule.pdf,https://cas.res.in/notices.html,cached,,801553,4dc2f592bbf4c2f8074bb46574e66f092d81dbc7db6891b6f5b84bad87e00895,source-assets/documents/PhD-Leave-Rule-a5ff3d73193b.pdf,
https://cas.res.in/pdf/ADVT-final-extended.pdf,https://cas.res.in/notices.html,cached,,28361,1d33f1e23e5fc021f4156e555111b72a60ed2460825155c24d270ca1bc04030c,source-assets/documents/ADVT-final-extended-c779822a9f39.pdf,
https://cas.res.in/pdf/Circular1.pdf,https://cas.res.in/notices.html,cached,,398427,803ca8a48a188c1ffbae35595071b68363c6df4ed240009cf0c0ab10b6746d68,source-assets/documents/Circular1-1284cf261175.pdf,
https://cas.res.in/pdf/Scopus Circular.pdf,https://cas.res.in/notices.html,cached,,430658,36490575b41d135cba071afff863864ba00ecfd79688a851d71d11a75a30dd23,source-assets/documents/Scopus-Circular-a8c375ef4513.pdf,
https://cas.res.in/pdf/invite.pdf,https://cas.res.in/notices.html,cached,,223817,f4dc954342b8d9669e724f5c846d547da238fe537f69764ad361b260688fbbfe,source-assets/documents/invite-56f237d8013c.pdf,
https://cas.res.in/pdf/Web of Science & JCR Online session.pdf,https://cas.res.in/notices.html,404,text/html,,,source-assets/documents/Web-of-Science-JCR-Online-session-458999d1875d.pdf,404 Client Error: Not Found for url: https://cas.res.in/pdf/Web%20of%20Science%20&%20JCR%20Online%20session.pdf
https://cas.res.in/home1/cv.pdf,https://cas.res.in/home1/index.html,cached,,515698,db6065b083cbcbf9eb3119e2c44dbe3751c4cc1693b1d8a08eae1a2f257a43c9,source-assets/documents/cv-8706e972efaa.pdf,
https://cas.res.in/pdf/Academic Calender 2020-21 Session EVEN Semester.pdf,https://cas.res.in/mtechstudents.html,cached,,67153,c059bccf00ae9fa37280c13adf0151e0a0d29f716e5014779385f9fe586792bd,source-assets/documents/Academic-Calender-2020-21-Session-EVEN-Semester-258d943a351c.pdf,
https://cas.res.in/images/workshop23/Workshop_02.pdf,https://cas.res.in/workshops.html,cached,,582808,ffeaae742f68b36acea3206669bf5ac05d9e68455e6350561c6d0888acfee509,source-assets/documents/Workshop_02-7c62e2e93c3f.pdf,
https://cas.res.in/images/workshop23/Workshop_08.pdf,https://cas.res.in/workshops.html,cached,,1409994,64ff35e3814481e6a667ff3073ce050860842005ecd66367de9c747699d0af0e,source-assets/documents/Workshop_08-444e16a43efb.pdf,
https://cas.res.in/pdf/pdf_flyer/ar1.pdf,https://cas.res.in/workshops.html,cached,,391765,b4f3c1787a1682ade09ff6b27aefc8ff4bad6a2d7c2f477176a431912521ca56,source-assets/documents/ar1-3a13abf9ee02.pdf,
https://cas.res.in/pdf/pdf_flyer/drone.pdf,https://cas.res.in/workshops.html,cached,,2278213,c4ea3294238c1ebf1a297851ac77faf5fdc316bab85d20000c5c08ec18abace7,source-assets/documents/drone-1f69d613d882.pdf,
https://cas.res.in/pdf/pdf_flyer/ar.pdf,https://cas.res.in/workshops.html,cached,,2265142,5ec279b6a55428e7d322abaffeeb6d31232d65017644afbb422c031610622a10,source-assets/documents/ar-e237afa71d50.pdf,
https://cas.res.in/pdf/pdf_flyer/corrosion.pdf,https://cas.res.in/workshops.html,cached,,426068,a5773fb7294c95e6157a0a5fcdd5c4d134ffb6f228f83163d16735c355731feb,source-assets/documents/corrosion-6bced87c2476.pdf,
https://cas.res.in/pdf/pdf_flyer/blockchain.pdf,https://cas.res.in/workshops.html,cached,,383625,81302777fbe00e23ff56fe2d233ca62cceb305e83e7ddb88bd4e2b0c4fc29704,source-assets/documents/blockchain-a1310f80d001.pdf,
https://cas.res.in/pdf/pdf_flyer/3d.pdf,https://cas.res.in/workshops.html,cached,,600803,bd1dbee55d3998ed5ab30051da74bc03b0a8e2be5a3b70445bb634c794d051d4,source-assets/documents/3d-73d582bd435a.pdf,
https://cas.res.in/pdf/pdf_flyer/industrial_automation.pdf,https://cas.res.in/workshops.html,cached,,418367,d5445112c282258b30a7d32f2972aabf15d70926c29558abd2552bf9f28668ca,source-assets/documents/industrial_automation-7edd838c599d.pdf,
https://cas.res.in/pdf/pdf_flyer/AI.pdf,https://cas.res.in/workshops.html,cached,,383223,7864865aeb431431604e13afdebdbea44b804e395e2caf0b69220ce0996763e3,source-assets/documents/AI-9b79676d2eae.pdf,
https://cas.res.in/pdf/pdf_flyer/nano.pdf,https://cas.res.in/workshops.html,cached,,412248,fe5fa7bd3b11217e553d44a8208c2cab839872313bccacaa5c29f319a8672b3e,source-assets/documents/nano-8da698195ee8.pdf,
https://cas.res.in/pdf/pdf_flyer/robotics.pdf,https://cas.res.in/workshops.html,cached,,361800,ccd909d9f9c4c209e5e203b42ad2f58339b445a2307d4158a62c7df79f47f77e,source-assets/documents/robotics-5559984f02f2.pdf,
https://cas.res.in/pdf/pdf_flyer/1.pdf,https://cas.res.in/workshops.html,cached,,1688560,9ae664d1eff927a19a377f0397c930a8cf839a4098a727bc78c996d795b0837b,source-assets/documents/1-e874ae31962f.pdf,
https://cas.res.in/pdf/pdf_flyer/10.pdf,https://cas.res.in/workshops.html,cached,,549540,d24cc0cd19d8102d6f8e46441e17e5495cc6b29e0d2684c5ffbbe794ee54ac8e,source-assets/documents/10-897f0ef097dd.pdf,
https://cas.res.in/pdf/pdf_flyer/9.pdf,https://cas.res.in/workshops.html,cached,,672279,576d0f409c821d9cf98e6a878e62e6081b64075e03a97bea1fd624ce6dcc9c45,source-assets/documents/9-92485512691c.pdf,
https://cas.res.in/pdf/pdf_flyer/15.pdf,https://cas.res.in/workshops.html,cached,,549231,0cf18508e8cbdaffeab1daae8a9004be302a2b7cbd5c301fab0080ac7d5c0631,source-assets/documents/15-418f1422f1bc.pdf,
https://cas.res.in/pdf/pdf_flyer/7.pdf,https://cas.res.in/workshops.html,cached,,744964,178804003983df678bac79021c9452cfd2821939aaf4d2c094d21ffe08c8ffd7,source-assets/documents/7-0094bf8d192c.pdf,
https://cas.res.in/pdf/pdf_flyer/14.pdf,https://cas.res.in/workshops.html,cached,,432024,26e004e386bf275db6c951c5ee293135ef89c1ec46d02c4e5533688dbd1b6f61,source-assets/documents/14-22e99121058f.pdf,
https://cas.res.in/pdf/pdf_flyer/16.pdf,https://cas.res.in/workshops.html,cached,,510307,81cfb49b66c0d84ecbf5abc8be7c7add6fb5d0e71d2ade6d01a3a6625bf68e60,source-assets/documents/16-6f18be127ed1.pdf,
https://cas.res.in/pdf/pdf_flyer/6.pdf,https://cas.res.in/workshops.html,cached,,530385,52ea2feae847b13925425d5cba5466eb6dfc71ce26363158779c067c6df9c358,source-assets/documents/6-e2a83fb249bb.pdf,
https://cas.res.in/pdf/pdf_flyer/3.pdf,https://cas.res.in/workshops.html,cached,,1532124,ea194d349848ca79d0e1904d2437f669a4fa54cd563d4f0ed4351b1f3e8b7f06,source-assets/documents/3-736f162a32e6.pdf,
https://cas.res.in/pdf/pdf_flyer/2.pdf,https://cas.res.in/workshops.html,cached,,515689,36b75a2772ac9e6bf03214d6e0a503f4e18c00987716dcfb6e641b8f873e108c,source-assets/documents/2-f320a03dc2ec.pdf,
https://cas.res.in/pdf/pdf_flyer/5.pdf,https://cas.res.in/workshops.html,cached,,563516,6787c1709c3121623193b4eb48bb2fc19c0c55152083dff0157fae4c6bced54a,source-assets/documents/5-16bb2d27462b.pdf,
https://cas.res.in/pdf/pdf_flyer/13.pdf,https://cas.res.in/workshops.html,cached,,215244,7353bfcbce581cbb3609848381c05c1a37bbefcae8c5e9e3f47abc67c755475d,source-assets/documents/13-5c7c2ddd1561.pdf,
https://cas.res.in/pdf/pdf_flyer/17.pdf,https://cas.res.in/workshops.html,cached,,477543,943d247d7ccd87be19c09d9a3c6347a8bb4dc8d443ca50bc71cba398aac82cf6,source-assets/documents/17-e1169eaff7cc.pdf,
https://cas.res.in/pdf/pdf_flyer/8.pdf,https://cas.res.in/workshops.html,cached,,754281,46ee8d1e0c3fc0ca2a8bb9db711fd58050c48dc3b4a528f43054e3df4f327b1b,source-assets/documents/8-30d52bf055fb.pdf,
https://cas.res.in/pdf/pdf_flyer/4.pdf,https://cas.res.in/workshops.html,cached,,489381,acf0e3a61857d05e55d3db015774ae83b23225cb30cc6021020e861986021721,source-assets/documents/4-dd9cf8d6dc26.pdf,
https://cas.res.in/pdf/pdf_flyer/11.pdf,https://cas.res.in/workshops.html,cached,,531886,0c7a4523c6ef94077eb22bee9a6f749ff6a6488d53f77f03afccf981ecdae9a5,source-assets/documents/11-ff2ad8ece3ca.pdf,
https://cas.res.in/pdf/pdf_flyer/12.pdf,https://cas.res.in/workshops.html,cached,,820680,78ef7ad2971eb88cbbe79fa2c31fdbbaa168c39c03412da9f562e4e89b8e0ec7,source-assets/documents/12-9df5d3a15a70.pdf,
https://cas.res.in/internship/img/flyer.pdf,https://cas.res.in/internship/,cached,,575395,a0bca174878dce1131fad9dfb0c56750f02b196807869bcec91f53e9b6e8d66d,source-assets/documents/flyer-faf87384686d.pdf,
https://cas.res.in/pdf/75AKAM/Innovations@CAS.pdf,https://cas.res.in/75AKAM.html,cached,,25919818,669381e06020264e16fd3cff7ddbea58d1413463354689f1dac18d54cf8f0cd8,source-assets/documents/Innovations-CAS-76080cd418ad.pdf,
https://cas.res.in/pdf/75AKAM/Magzine_launch_event.pdf,https://cas.res.in/75AKAM.html,cached,,816582,d58710a90dbdb1ab4adb6245b6cff2ef1a9d5b098e9ebb9dad78b31d4ba33297,source-assets/documents/Magzine_launch_event-312fea55d6a1.pdf,
https://cas.res.in/pdf/75AKAM/mini marathon.pdf,https://cas.res.in/75AKAM.html,200,application/pdf,297294,bc2a233a90744c0360c13722556ccaae802b5617e5ca90cc58fab23fd5fc0040,source-assets/documents/mini-marathon-815227fcd2f2.pdf,
https://cas.res.in/pdf/75AKAM/Mini Marathon report.pdf,https://cas.res.in/75AKAM.html,200,application/pdf,468261,002710060054edba1cc27c4c7a29f77543de7b270cae5b5a41b17fcc9ab52978,source-assets/documents/Mini-Marathon-report-5a425c2b202d.pdf,
https://cas.res.in/pdf/75AKAM/tug of war.pdf,https://cas.res.in/75AKAM.html,200,application/pdf,206486,9fa16eaf41941254d35da9e251b1e7221bd40a4681f0b5938ce3b8709813efc9,source-assets/documents/tug-of-war-f8ddfdcd315b.pdf,
https://cas.res.in/pdf/75AKAM/Tug of War report.pdf,https://cas.res.in/75AKAM.html,200,application/pdf,498765,63c7c332786acf95df316ef7b6ac35a0725f42b3248152f799cec11cf4c72ecc,source-assets/documents/Tug-of-War-report-4baa3db8d985.pdf,
https://cas.res.in/pdf/75AKAM/bike_rally.pdf,https://cas.res.in/75AKAM.html,200,application/pdf,297003,9a1bf3f9479a71519eaf27b730b597b5379497e9eaede884c373a2c198bceb67,source-assets/documents/bike_rally-80c786d75eac.pdf,
https://cas.res.in/pdf/75AKAM/Bike Rally (1).pdf,https://cas.res.in/75AKAM.html,200,application/pdf,582651,287987220c5a3607890d8584aeb0bf9b774403b9b7dfdf44e54ee52363ac83b0,source-assets/documents/Bike-Rally-1-a638d70f1085.pdf,
https://cas.res.in/pdf/75AKAM/Slogan_Writing_Competition.pdf,https://cas.res.in/75AKAM.html,200,application/pdf,291585,bfc855ccc324efc5e458cb9c102d6dd91f12155b06e040c6e176e5e2b49b4707,source-assets/documents/Slogan_Writing_Competition-51f866edb05e.pdf,
https://cas.res.in/pdf/75AKAM/Slogan Writing Competition-1 rpt.pdf,https://cas.res.in/75AKAM.html,200,application/pdf,655317,ef55c39253f52b4476cc2dabf84b27718fd51976e0922cda8822e7388faea4f6,source-assets/documents/Slogan-Writing-Competition-1-rpt-67593c95dcf9.pdf,
https://cas.res.in/pdf/75AKAM/Debate_Competition.pdf,https://cas.res.in/75AKAM.html,200,application/pdf,371217,9aad27e146a8fde0874c6bfc28d5223efeebcf17d3455394cdb79c5bcbed1f3c,source-assets/documents/Debate_Competition-3486d62e6afb.pdf,
https://cas.res.in/pdf/75AKAM/Debate Competition-1 rpt.pdf,https://cas.res.in/75AKAM.html,200,application/pdf,673698,dd14b6ed4667baaf235012fdcb2aa42900b2111f50d490d5b505562fc111cd74,source-assets/documents/Debate-Competition-1-rpt-3f09994912d2.pdf,
https://cas.res.in/pdf/75AKAM/challenge making vishwaguru by 2050.pdf,https://cas.res.in/75AKAM.html,200,application/pdf,349852,fdf8538770584a29d38907eab921dfdee60cb7c6ece73f8b2cfaba4e7230dde4,source-assets/documents/challenge-making-vishwaguru-by-2050-7a43810a743f.pdf,
https://cas.res.in/pdf/75AKAM/Essay Competition-1 rpt.pdf,https://cas.res.in/75AKAM.html,200,application/pdf,687464,b5a5d1728a63671fd0a24aa001952e520a3b215a931c1dcd94b5e75ca309d547,source-assets/documents/Essay-Competition-1-rpt-5b103fcb80f5.pdf,
https://cas.res.in/pdf/75AKAM/quiz_competiton.pdf,https://cas.res.in/75AKAM.html,200,application/pdf,315366,84b7299be4083719ed04e5b5c32a67016ac45bde86f8b7e7db40c452aec698de,source-assets/documents/quiz_competiton-baa9865abfee.pdf,
https://cas.res.in/pdf/75AKAM/Quiz Competition (1) rpt.pdf,https://cas.res.in/75AKAM.html,200,application/pdf,568183,e7d6efa7e420827fd8a19054824fa169743df831181b4e1d319815b3c4f50779,source-assets/documents/Quiz-Competition-1-rpt-59f3a9e51354.pdf,
https://cas.res.in/pdf/AGRAGAMAN 2019.pdf,https://cas.res.in/notifications.html,200,application/pdf,16346504,313101861904c5d763fa281e5a152dfb598082b15402d3ccfc4da78697f824eb,source-assets/documents/AGRAGAMAN-2019-dd26964612ab.pdf,
